citation_key,manuscript_location,scholarly_identifier,source_locator,support_paraphrase,evidence_sha256,verification_status
altamimi2023_01,"Foundations and Related Work / Oracle scarcity and relation validity, line 137",doi:10.1002/smr.2509,https://onlinelibrary.wiley.com/doi/10.1002/smr.2509,"A systematic review of relation automation classifies generation, detection, and selection methods, and finds that automation remains strongest in domains with accessible mathematical structure .",1866f338d454ba754231ed378f1c330e4d844899e73624491332f8f2358cffdf,RECORD_LOCATED_SCOPE_LIMITED
andrews2005_02,"Foundations and Related Work / Mutation evidence and the unresolved oracle boundary, line 157",doi:10.1145/1062455.1062530,https://pure.ul.ie/en/publications/is-mutation-an-appropriate-tool-for-testing-experiments/,"Comparisons among mutation-generated, hand-seeded, and known faults treat mutation as an experimental instrument whose representativeness must be examined .",1a3115c720f73181a89bb59d284970aa85f51b0b3682ad71e2d4fac014f3342d,RECORD_LOCATED_SCOPE_LIMITED
aschermann2019_03,"Foundations and Related Work / Staged toolchains and watermark obligations, line 151",doi:10.14722/ndss.2019.23412,https://www.ndss-symposium.org/ndss-paper/nautilus-fishing-for-deep-bugs-with-grammars/,NAUTILUS preserves grammatical structure while generating inputs that reach deep parser states .,fcd1e9da45ae5468c374d9c4da13e25d114c222dd617690cfe1430a612ad1acd,RECORD_LOCATED_SCOPE_LIMITED
ayerdi2025marmot,"Foundations and Related Work / Oracle scarcity and relation validity, line 143",doi:10.1145/3678171,https://dblp.org/rec/journals/tosem/AyerdiIVRIA25.html,MarMot checks relations at runtime in autonomous-driving software rather than only in an offline harness .,35136526e841a9206ff2d56f144ae5121aae6a61295e02acf9d12cdfbe94bec6,RECORD_LOCATED_SCOPE_LIMITED
barr2015_05,"Foundations and Related Work / Oracle scarcity and relation validity, line 135",doi:10.1109/tse.2014.2372785,https://discovery.ucl.ac.uk/id/eprint/1471263/,"Modern accounts broaden the problem to expensive, partial, and fallible decision procedures .",7262a493a9b6a6b063d0a7a420cd7c7973dfb8a4251f00f0b21b27061538c5dd,RECORD_LOCATED_SCOPE_LIMITED
blasi2021_06,"Foundations and Related Work / Oracle scarcity and relation validity, line 139",doi:10.1016/j.jss.2021.111041,https://www.sciencedirect.com/science/article/pii/S0164121221001382,MeMo extracts relation-like statements from documentation and turns some into executable tests .,dd7c629992d9f00c1b665dcc298f36df7004ab49aa4bc11c42254acb9a257fbd,RECORD_LOCATED_SCOPE_LIMITED
chen2016_07,"Foundations and Related Work / Staged toolchains and watermark obligations, line 149",doi:10.1145/2884781.2884878,https://dblp.org/rec/conf/icse/ChenHHXZ0X16,Comparative studies confirm that generator assumptions and oracle forms change which compiler defects are found .,c6f5b994433c1a2f5da24cce038143d75161ce2501d897b142f70e760f8a5a41,RECORD_LOCATED_SCOPE_LIMITED
chen2022compiler,"Foundations and Related Work / Staged toolchains and watermark obligations, line 149",doi:10.1145/3508362,https://ouci.dntb.gov.ua/en/works/7PxQ5az7/,Optimization-exploration methods search pass spaces for greater behavioral diversity .,c312ded2c5a0257ce1d32b3cfa2350d5c34beae4e6cb5106c1aaec79be79352d,RECORD_LOCATED_SCOPE_LIMITED
chen2018mt,"Introduction / , line 83; Foundations and Related Work / Oracle scarcity and relation validity, line 137",doi:10.1145/3143561,https://dblp.org/rec/journals/csur/ChenKLPTTZ18,Metamorphic testing addresses oracle scarcity by relating several executions instead of judging one output in isolation . || Metamorphic testing turns that inference into relations among executions .,71ea5914640c0e4095800181a3862572efade3d43b91cf62687892e27b65dfb6,RECORD_LOCATED_SCOPE_LIMITED
chen2016_10,"Foundations and Related Work / Oracle scarcity and relation validity, line 139",doi:10.1016/j.jss.2015.07.037,https://www.sciencedirect.com/science/article/abs/pii/S0164121215001624,"METRIC derives candidates from category-choice models, so domain partitions are made explicit before tests are generated .",6332662fc7027d7d590ac8fd7760d917c4b24a82b2f3e5b2c3188067f8c9a167,RECORD_LOCATED_SCOPE_LIMITED
chen2003_11,"Foundations and Related Work / Oracle scarcity and relation validity, line 135",doi:10.1016/s0950-5849(02)00129-5,https://www.sciencedirect.com/science/article/pii/S0950584902001295,Necessary behavioral properties can still reveal faults when a complete expected output cannot be written .,3cb22a64306b4e13eddf5a8c6992ce92275f8c825aeff6bbc9a76a0c21c16998,RECORD_LOCATED_SCOPE_LIMITED
chen2011_12,"Foundations and Related Work / Oracle scarcity and relation validity, line 135",doi:10.1109/tse.2010.23,https://hub.hku.hk/handle/10722/136222,Semi-proving strengthens such tests with symbolic reasoning while remaining distinct from a full proof .,86cef44f8c64907df771d2415e81830f4c75d64beb1af2c5ff522827baf9c649,RECORD_LOCATED_SCOPE_LIMITED
clark2024causal,"Foundations and Related Work / Oracle scarcity and relation validity, line 143",doi:10.1145/3607184,https://doi.org/10.1145/3607184,Causality testing turns an assumed causal intervention in a scientific model into an executable relation .,4a848ba40c841df7187026dd8731c3f84a2561ffc9d73d07fd7e8b4144556120,RECORD_LOCATED_SCOPE_LIMITED
collberg2004_14,"Foundations and Related Work / Staged toolchains and watermark obligations, line 153",doi:10.1145/996841.996856,https://dblp.org/pid/c/ChristianSCollberg,Dynamic path-based watermarking makes execution inputs and traces part of recognition .,f67b33be75a6ee867b9fd3f89535062f047210e161c97b8e410fa4f16931e7b6,RECORD_LOCATED_SCOPE_LIMITED
collberg2009_15,"Foundations and Related Work / Staged toolchains and watermark obligations, line 153",doi:10.1016/j.infsof.2008.09.016,https://www.sciencedirect.com/science/article/pii/S0950584908001377,Detailed analysis of graph-theoretic marks reports concrete attacks and implementation trade-offs rather than one undifferentiated robustness score .,d6f6a0fcc373a8f70233fbc168eff1975d04224d12b69917d297f14a6d1661d5,RECORD_LOCATED_SCOPE_LIMITED
collberg1999watermark,"Introduction / , line 81; Foundations and Related Work / Staged toolchains and watermark obligations, line 153",doi:10.1145/292540.292569,https://dblp.uni-trier.de/rec/conf/popl/CollbergT99.html,"Robustness under semantics-preserving transformation is part of the classical watermark model . || What a watermark contract must preserve or reject. Classical software-watermark models distinguish embedding, recognition, stealth, and resilience under transformation .",98ac167f02b1d2226c01dcc47fe5009638f9e6bb46d4efa477296f622bc32ef3,RECORD_LOCATED_SCOPE_LIMITED
collberg2007_17,"Foundations and Related Work / Staged toolchains and watermark obligations, line 153",doi:10.1145/1286821.1286826,https://experts.arizona.edu/en/publications/dynamic-graph-based-software-fingerprinting/,Dynamic graph-based fingerprinting adds instance identity and attribution to payload recovery .,bb4b7a0a8c4fa174edde330ad7ffc85b37b497bada9ddc32fe63fb0e1122406f,RECORD_LOCATED_SCOPE_LIMITED
thomborson2002_18,"Foundations and Related Work / Staged toolchains and watermark obligations, line 153",doi:10.1109/tse.2002.1027797,https://experts.azregents.edu/en/publications/watermarking-tamper-proofing-and-obfuscation-tools-for-software-p/,"Software-protection surveys place watermarking beside tamper-proofing and obfuscation, where the same transformation can be intended in one context and adversarial in another .",c7e8e557df6bcfee2194514c33f6f71c912109db12a44007124021cdeeeba653,RECORD_LOCATED_SCOPE_LIMITED
cousot2004_19,"Foundations and Related Work / Staged toolchains and watermark obligations, line 153",doi:10.1145/964001.964016,https://cs.nyu.edu/~pmc309/COUSOTpapers/POPL04.shtml,Abstract-interpretation-based watermarking formulates embedding and extraction over semantic abstractions .,cc100bd7cd226dc0c722b7387f3cf9ecb0d2738cc63005a8e2f0c9fefd87f1bd,RECORD_LOCATED_SCOPE_LIMITED
demillo1978_20,"Foundations and Related Work / Mutation evidence and the unresolved oracle boundary, line 157",doi:10.1109/c-m.1978.218136,https://dblp.org/rec/journals/computer/DeMilloLS78,Mutation analysis asks whether tests distinguish a program from plausible nearby alternatives .,b861ebfb822e19010948243fd16d86384edc7d1cc26fdb547267a38f319e2b67,RECORD_LOCATED_SCOPE_LIMITED
dey2019_21,"Foundations and Related Work / Staged toolchains and watermark obligations, line 153",doi:10.1007/s41403-018-0058-8,https://ouci.dntb.gov.ua/en/works/7AgLN5wl/,"Reviews of software watermarking also find evaluation fragmented across threat models, carriers, and empirical settings .",823c31fca6e9300319586026c3701517f63817e4b553fcadec19b5f9a1573b2c,RECORD_LOCATED_SCOPE_LIMITED
donaldson2017_22,"Foundations and Related Work / Staged toolchains and watermark obligations, line 149",doi:10.1145/3133917,https://2017.splashcon.org/details/splash-2017-OOPSLA/55/Automated-Testing-of-Graphics-Shader-Compilers,Shader compiler testing combines constrained generation with differential oracles .,85d39d1cdae4de15f706c10558d3196424c5319f290726a87ef347470ddca9d6,RECORD_LOCATED_SCOPE_LIMITED
dutra2024formatfuzzer,"Foundations and Related Work / Staged toolchains and watermark obligations, line 151",doi:10.1145/3628157,https://rahul.gopinath.org/publications/2021/09/23/arxiv-formatfuzzer/,FormatFuzzer compiles binary-format specifications into generators and parsers .,e273e70bd34b430fb7c774d4a0cf08b88b38a012c98c075f7272a2690b9111dd,RECORD_LOCATED_SCOPE_LIMITED
gmezabajo2023_24,"Foundations and Related Work / Oracle scarcity and relation validity, line 139",doi:10.1016/j.infsof.2023.107164,https://www.sciencedirect.com/science/article/pii/S0950584923000186,"Domain-specific metamorphic environments show that execution also requires generators, adapters, and observation logic .",26cdc3dcc10562ecbdbb910025a4bd43e7fbbf03bae3b32ac055675dc7e29867,RECORD_LOCATED_SCOPE_LIMITED
lim2009_25,"Foundations and Related Work / Staged toolchains and watermark obligations, line 153",doi:10.1016/j.infsof.2009.04.011,https://www.sciencedirect.com/science/article/abs/pii/S0950584909000469,Control-flow similarity has also been used to support theft detection for Java programs .,eed2ad6bbbc49518a4cebb89bc5796d51c0e91ad1424469bfd7c7a2ed2460272,RECORD_LOCATED_SCOPE_LIMITED
jia2011mutation,"Foundations and Related Work / Mutation evidence and the unresolved oracle boundary, line 157",doi:10.1109/tse.2010.62,https://scixplorer.org/abs/2011ITSEn..37..649J/abstract,"The mutation-testing survey documents operator design, equivalent mutants, cost controls, and the limits of mutation score as a quality proxy .",4cdd5914464be6198ca03bac1007d06267ae75ff90792443748d6e3c518bf924,RECORD_LOCATED_SCOPE_LIMITED
jiang2017_27,"Foundations and Related Work / Oracle scarcity and relation validity, line 143",doi:10.1016/j.jss.2016.04.002,https://www.sciencedirect.com/science/article/pii/S0164121216300206,Metamorphic oracles have also been used to assess candidate program repairs when the original tests are incomplete .,a3bfe0b87b22e529d30119a06803cfe20896b0bb7967340a28da3179ab002fb3,RECORD_LOCATED_SCOPE_LIMITED
just2014_28,"Foundations and Related Work / Mutation evidence and the unresolved oracle boundary, line 157",doi:10.1145/2635868.2635929,https://2024.esec-fse.org/details/fse-2024-plenary-events/9/Are-mutants-a-valid-substitute-for-real-faults-in-software-testing-,Direct comparison with real faults finds useful correlation but not universal substitutability .,33d68ede015b8bde4b028753648f6b96302c06b6f7fdbdde57bcaac34099cbee,RECORD_LOCATED_SCOPE_LIMITED
bieman2013_29,"Foundations and Related Work / Oracle scarcity and relation validity, line 139",doi:10.1109/issre.2013.6698899,https://scholars.unf.edu/en/publications/using-machine-learning-techniques-to-detect-metamorphic-relations/,"Program features can predict candidate relations, although prediction alone does not prove their semantic validity .",defe2795d613159ecaa328ab1bb67878dc582f78bdd245de0a6053d9c207bbf5,RECORD_LOCATED_SCOPE_LIMITED
kanewala2016_30,"Foundations and Related Work / Oracle scarcity and relation validity, line 139",doi:10.1002/stvr.1594,https://onlinelibrary.wiley.com/doi/abs/10.1002/stvr.1594,Graph-kernel models extend that idea to structural representations of scientific programs .,bebd78d5199afe001c62854dcbe3c8b969893744896867a93054562dfa588a9f,RECORD_LOCATED_SCOPE_LIMITED
klees2018_31,"Foundations and Related Work / Staged toolchains and watermark obligations, line 151",doi:10.1145/3243734.3243804,https://cir.nii.ac.jp/crid/1362825894186478080,"Evaluations of fuzzers show how benchmark choice, protocol, and environment can distort reported effectiveness .",8f60f08824ada3c6282bd7c10ee113ed330b17a589fd5cc3e58f769d7ecf6866,RECORD_LOCATED_SCOPE_LIMITED
le2014emi,"Foundations and Related Work / Staged toolchains and watermark obligations, line 149",doi:10.1145/2594291.2594334,https://www.microsoft.com/en-us/research/publication/compiler-validation-via-equivalence-modulo-inputs/,"Equivalence modulo inputs mutates code that is dead for the tested input, reducing false alarms while preserving the observed behavior .",7a5f6012b7d4f8671b38923fe4b2058a1f3ce6a459401f1042e7d211c7b5255f,RECORD_LOCATED_SCOPE_LIMITED
le2015_33,"Foundations and Related Work / Staged toolchains and watermark obligations, line 149",doi:10.1145/2814270.2814319,https://2015.splashcon.org/details/oopsla2015/33/Finding-Deep-Compiler-Bugs-via-Guided-Stochastic-Program-Mutation,Guided stochastic mutation directs program changes toward deeper compiler states .,144b55d7d9895fb07b121170a0e0d401ce8d774aaa1c554187726dd13cc0b033,RECORD_LOCATED_SCOPE_LIMITED
le2015_34,"Foundations and Related Work / Staged toolchains and watermark obligations, line 149",doi:10.1145/2771783.2771785,https://www.swag.uwaterloo.ca/www/publications/randomized-stress-testing-of-link-time-optimizers.html,Randomized link-time-optimization tests target whole-program interactions .,0f39c46999672a06265cf941c219894462ab557a65898447118364dddd79e5b1,RECORD_LOCATED_SCOPE_LIMITED
leroy2009_35,"Foundations and Related Work / Staged toolchains and watermark obligations, line 147",doi:10.1145/1538788.1538814,https://cir.nii.ac.jp/crid/1363951795880815104,CompCert instead proves a realistic compiler against a formal semantics .,c615c59997b2a20745ba4aaedd4ee0ea12252c9ee5f2b0f2fc34b83514d4072b,RECORD_LOCATED_SCOPE_LIMITED
li2025generation,"Foundations and Related Work / Oracle scarcity and relation validity, line 137",doi:10.1145/3708521,https://dblp.uni-trier.de/rec/journals/tosem/LiLPTSZZC25.html,"A later review identifies specification, soundness, and evaluation as continuing obstacles to automated generation .",aab16793a170ab65ec84d9a55fe3e87ad8034bcb697aa3cae497a05caf929028,RECORD_LOCATED_SCOPE_LIMITED
lidbury2015_37,"Foundations and Related Work / Staged toolchains and watermark obligations, line 149",doi:10.1145/2737924.2737986,https://spiral.imperial.ac.uk/entities/publication/62003660-9e44-4863-8f0a-30945948aba0,Many-core compiler fuzzing uses target diversity to reach defects absent from conventional CPU tests .,b1ae300301f0b99f6838125c61c2e5441e8537cea8760b31c918d0aa8ac649dd,RECORD_LOCATED_SCOPE_LIMITED
liu2014cost,"Foundations and Related Work / Oracle scarcity and relation validity, line 137",doi:10.1109/tse.2013.46,https://doi.org/10.1109/TSE.2013.46,Empirical work on oracle-cost reduction likewise shows that the benefit depends on which relations are available and selected .,df7212b9ae34c1884c01e175016719ca4c871b96530cba671570d3ebab2a22ea,RECORD_LOCATED_SCOPE_LIMITED
livinskii2020_39,"Foundations and Related Work / Staged toolchains and watermark obligations, line 149",doi:10.1145/3428264,https://2020.splashcon.org/details/splash-2020-oopsla/72/Random-Testing-for-C-and-C-Compilers-with-YARPGen,YARPGen avoids undefined behavior while stressing arithmetic optimizations in C and C++ .,1f21b7522a69544562fd9f66e310086b5047bbbcd146ce420c40d6ecadea2948,RECORD_LOCATED_SCOPE_LIMITED
livinskii2023_40,"Foundations and Related Work / Staged toolchains and watermark obligations, line 149",doi:10.1145/3591295,https://pldi23.sigplan.org/details/pldi-2023-pldi/76/Fuzzing-Loop-Optimizations-in-Compilers-for-C-and-Data-Parallel-Languages,Later loop-focused generation targets optimization interactions in both C++ and data-parallel languages .,c8fa951fe896e3970840f4157194b13e4ef0864cff47a6bbebacd647a91683a9,RECORD_LOCATED_SCOPE_LIMITED
lopes2021_41,"Foundations and Related Work / Staged toolchains and watermark obligations, line 147",doi:10.1145/3453483.3454030,https://dblp.org/rec/conf/pldi/LopesLHLR21,Alive2 checks bounded refinement conditions for LLVM transformations and has exposed optimization defects .,5337fc7a659623a9427de2be5f432f842eea615b9d7f217b735e0f9c20ff3016,RECORD_LOCATED_SCOPE_LIMITED
ma2015_42,"Foundations and Related Work / Staged toolchains and watermark obligations, line 153",doi:10.1145/2714576.2714582,https://ink.library.smu.edu.sg/sis_research/2633/,Return-oriented-programming watermarking couples recognition to executable gadget layout .,7ca630ef1b29afca7baa857634fa23468d05b9887aecd50d830ab22f0994b1a4,RECORD_LOCATED_SCOPE_LIMITED
mans2021_43,"Foundations and Related Work / Staged toolchains and watermark obligations, line 151",doi:10.1109/tse.2019.2946563,https://doi.org/10.1109/TSE.2019.2946563,"A broader survey separates generation, feedback, oracle, and triage concerns that end-to-end tools often conflate .",2107b68c15fd40b6ae2956b7c0a6d256791e1da5ad2fe5450126998d909c9e1b,RECORD_LOCATED_SCOPE_LIMITED
collberg2006_44,"Foundations and Related Work / Staged toolchains and watermark obligations, line 153",doi:10.1007/s10660-006-6955-z,https://experts.arizona.edu/en/publications/software-watermarking-via-opaque-predicates-implementation-analys/,Opaque-predicate watermarking shows that hiding a mark introduces semantic and optimization obligations .,9c3bc63194b96bd3e6cc51f642d50de2d43739d4e9248c438fcd260287051700,RECORD_LOCATED_SCOPE_LIMITED
necula2000_45,"Foundations and Related Work / Staged toolchains and watermark obligations, line 147",doi:10.1145/349299.349314,https://dblp.org/rec/conf/pldi/Necula00.html,Practical architectures compare source and target correspondence after optimization .,bf75f0c4f47267849ff778107f17e471f93e93a17f256057d2cb400918947a40,RECORD_LOCATED_SCOPE_LIMITED
offutt1989_46,"Foundations and Related Work / Mutation evidence and the unresolved oracle boundary, line 157",doi:10.1145/75309.75324,https://doi.org/10.1145/75308.75324,An empirical investigation tests the coupling effect within a chosen simple- and complex-fault model .,505bd8ed116bf7f15e02c960239e45818c230d726d839e030a6449901eaa605c,RECORD_LOCATED_SCOPE_LIMITED
ojdanic2023mutation,"Foundations and Related Work / Mutation evidence and the unresolved oracle boundary, line 157",doi:10.1145/3530786,https://repository.sutd.edu.sg/esploro/outputs/journalArticle/Mutation-Testing-in-Evolving-Systems-Studying/9911801609846,Studies of evolving systems further show that a mutant's relevance changes as code and developer activity evolve .,ff73a80d16e5eb5267d05d960cdfca4fc2946e15d7323da318f51ab504fe139c,RECORD_LOCATED_SCOPE_LIMITED
pnueli1998_48,"Foundations and Related Work / Staged toolchains and watermark obligations, line 147",doi:10.1007/bfb0054170,https://cir.nii.ac.jp/crid/1363388844299440128,Translation validation checks a particular source-to-target run .,eee4db5b82d60c1ee7ab5d84552d1e1908f5e2ecb8d9b6e51ccb681f8b2b0963,RECORD_LOCATED_SCOPE_LIMITED
pasqua2019_49,"Foundations and Related Work / Staged toolchains and watermark obligations, line 153",doi:10.1017/s0960129518000038,https://doi.org/10.1017/S0960129518000038,Semantics-based watermarking develops marks intended to survive semantics-preserving transformations .,b833c2035a497f0e45e7bcbca32bc87c189580603e6b3ae7871f58a367f20eb1,RECORD_LOCATED_SCOPE_LIMITED
regehr2012_50,"Foundations and Related Work / Staged toolchains and watermark obligations, line 149",doi:10.1145/2254064.2254104,https://doi.org/10.1145/2254064.2254104,"Once a compiler failure appears, dedicated reduction can isolate a small witness .",bf46238fd7d5db6f235272f3846693782639a3f0a8271033cd724486ebb1af01,RECORD_LOCATED_SCOPE_LIMITED
segura2015_51,"Foundations and Related Work / Oracle scarcity and relation validity, line 143",doi:10.1002/stvr.1566,https://onlinelibrary.wiley.com/doi/full/10.1002/stvr.1566,A later study extends that strategy across multiple variability-analysis tools .,d43c913e8a330935a3429ec9547cf9efc6c9b8188d0b72b3fe8ab9abf22da6c0,RECORD_LOCATED_SCOPE_LIMITED
segura2016survey,"Introduction / , line 83; Foundations and Related Work / Oracle scarcity and relation validity, line 137",doi:10.1109/tse.2016.2532875,https://www.isa.us.es/publications/type/article-journal/2016/survey-metamorphic-testing,"Its effectiveness, however, depends on whether a proposed relation is valid for the source case and the system's support envelope . || Its surveys make clear that a relation's validity and cost matter as much as the mechanics of producing a follow-up .",2effa97a285008ace7f3660f418ed501683fd490296403067d26d387f59a82cc,RECORD_LOCATED_SCOPE_LIMITED
segura2011_53,"Foundations and Related Work / Oracle scarcity and relation validity, line 143",doi:10.1016/j.infsof.2010.11.002,https://www.sciencedirect.com/science/article/pii/S0950584910001904,Feature-model analyses use relations to test derived results without enumerating a complete oracle .,cbfb335461240d726552a359f5bc4fa27a8a154ac4e728b16ea3221fa2758282,RECORD_LOCATED_SCOPE_LIMITED
speth2026traceable,"Foundations and Related Work / Oracle scarcity and relation validity, line 137",doi:10.1002/stvr.70020,https://onlinelibrary.wiley.com/doi/full/10.1002/stvr.70020,Traceability work in safety-critical testing links individual relations to explicit defect and failure hypotheses .,d0c9e29952028095b24e970fd5d7bd4ce803f020cfa4613da8800aee02caf0fe,RECORD_LOCATED_SCOPE_LIMITED
gotlieb2020_54,"Foundations and Related Work / Oracle scarcity and relation validity, line 141",doi:10.1016/j.jss.2020.110574,https://www.sciencedirect.com/science/article/pii/S0164121220300558,Contextual-bandit scheduling adapts relation choice to observed rewards .,84ae2b86075e603e2f1aa87944f23ac1cc12697e588b8a4478b8aebf61dc4c07,RECORD_LOCATED_SCOPE_LIMITED
sun2016_55,"Foundations and Related Work / Staged toolchains and watermark obligations, line 149",doi:10.1145/2983990.2984038,https://2016.splashcon.org/details/splash-2016-oopsla/47/Finding-Compiler-Bugs-via-Live-Code-Mutation,Live-code mutation changes executed code under transformations intended to preserve selected executions .,5f49e08279b84d3071a8c68ce5dd6d69b9f3aef41226ea0d1629358eeb941ad1,RECORD_LOCATED_SCOPE_LIMITED
sun2024interleaving,"Foundations and Related Work / Oracle scarcity and relation validity, line 143",doi:10.1145/3607182,https://paperity.org/p/377155667/an-interleaving-guided-metamorphic-testing-approach-for-concurrent-programs,Interleaving-guided testing treats schedule variation as a controlled dimension for concurrent programs .,e2d5d832ed7cde7eb20e3a55ab22dc8153f3ea65462a43687ec8efbcab66354b,RECORD_LOCATED_SCOPE_LIMITED
sun2023feedback,"Foundations and Related Work / Oracle scarcity and relation validity, line 141",doi:10.1145/3533314,https://ouci.dntb.gov.ua/en/works/4kRvzGW7/,Feedback-directed testing adapts both source tests and relations from execution feedback .,e9c16c6a5dbb96789f2e37a71216df649a9b8bb00f2acbaf7a0bd3a26490cf38,RECORD_LOCATED_SCOPE_LIMITED
sun2022_58,"Foundations and Related Work / Oracle scarcity and relation validity, line 141",doi:10.1016/j.jss.2021.111091,https://www.sciencedirect.com/science/article/pii/S0164121221001886,Path-directed generation prioritizes source cases using execution paths .,4f775ae73b8c99ea3e74255f09dabb9776f30e88f173794842616947ac7ca353,RECORD_LOCATED_SCOPE_LIMITED
venkatesan2001graph,"Introduction / , line 81; Foundations and Related Work / Staged toolchains and watermark obligations, line 153",doi:10.1007/3-540-45496-9_12,https://experts.illinois.edu/en/publications/a-graph-theoretic-approach-to-software-watermarking/,"Structural schemes also depend on concrete graph or binary representations whose survival is determined by the intervening toolchain . || Graph-theoretic schemes encode marks in control- or data-flow structures, so robustness depends on how later transformations preserve those structures .",cddc42f8abc2214705f92c9bd3300fe75ecaeaad4895e992ce09a597115cb0fc,RECORD_LOCATED_SCOPE_LIMITED
weyuker1982_60,"Foundations and Related Work / Oracle scarcity and relation validity, line 135",doi:10.1093/comjnl/25.4.465,https://academic.oup.com/comjnl/article-abstract/25/4/465/366384,The oracle problem begins with programs whose correct output is unavailable or impractical to compute .,d3828b3f5f2b5411695965fce87e5770b2f91859800d633bf8f64fd2328b77cc,RECORD_LOCATED_SCOPE_LIMITED
xie2011_61,"Foundations and Related Work / Oracle scarcity and relation validity, line 143",doi:10.1016/j.jss.2010.11.920,https://www.sciencedirect.com/science/article/pii/S0164121210003213,Classifier testing applies label- or feature-level transformations when exact predictions are hard to specify .,c695b16e144db6ecd7aaf9edfd261033a8c9557cf927b96bb34bc718d2559042,RECORD_LOCATED_SCOPE_LIMITED
xie2024wordclosure,"Foundations and Related Work / Oracle scarcity and relation validity, line 143",doi:10.1145/3675396,https://researchportal.hkust.edu.hk/en/publications/word-closure-based-metamorphic-testing-for-machine-translation/,Word-closure relations provide machine-translation follow-ups without requiring one reference translation .,2983a54cddc405112eabd91e3077bcc13d8afc15a4bff4036b364d0bf191639a,RECORD_LOCATED_SCOPE_LIMITED
xu2024mrscout,"Foundations and Related Work / Oracle scarcity and relation validity, line 139",doi:10.1145/3656340,https://doi.org/10.1145/3656340,"MR-Scout mines relations from existing tests, treating test code as evidence of intended behavioral connections .",60c0ac991d05dcb12ebefb1775714d1c3bf2c78e56bd1508f831f8a6a56eec05,RECORD_LOCATED_SCOPE_LIMITED
yang2011csmith,"Foundations and Related Work / Staged toolchains and watermark obligations, line 149",doi:10.1145/1993498.1993532,https://users.cs.utah.edu/~regehr/,Csmith uses random differential testing across compilers and configurations .,3abc4d2f5bceff7aa351398e612ec6d37b59cd608335f58588d6393699003176,RECORD_LOCATED_SCOPE_LIMITED
yao2014_65,"Foundations and Related Work / Mutation evidence and the unresolved oracle boundary, line 157",doi:10.1145/2568225.2568265,https://discovery.ucl.ac.uk/id/eprint/1508140/,Human analysis of equivalent and stubborn operators shows why some generated changes cannot or should not be killed under the intended semantics .,8770b159c50fdb153fc72459b3e3df267a6d7c6eaf5ce843c784b8edeabbfb43,RECORD_LOCATED_SCOPE_LIMITED
ying2025patterns,"Foundations and Related Work / Oracle scarcity and relation validity, line 137",doi:10.1002/stvr.70003,https://onlinelibrary.wiley.com/doi/full/10.1002/stvr.70003,"Pattern catalogs make recurring relation forms reusable, but a reusable form still needs a domain-specific relation and verdict .",b10e218efebdb52edfa74bf5860b09fc264ba15de5dc74aa930da6f6e31a8f74,RECORD_LOCATED_SCOPE_LIMITED
zeller2002delta,"Foundations and Related Work / Staged toolchains and watermark obligations, line 149",doi:10.1109/32.988498,https://doi.org/10.1109/32.988498,Delta debugging supplies the broader principle of minimizing a failure-inducing difference while preserving its predicate .,18f10de102b44b6a519a0ca9c8048bb6bd19dba6e20ebd78bc07369340426f34,RECORD_LOCATED_SCOPE_LIMITED
zhang2014_67,"Foundations and Related Work / Oracle scarcity and relation validity, line 139",doi:10.1145/2642937.2642994,https://doi.org/10.1145/2642937.2642994,"Search-based inference fits polynomial relations to observed executions, but empirical fit remains weaker than a contract argument .",017f0a5b623eabc9d8851cab033889e41fc6c4e6420fd476a31e427505179cdc,RECORD_LOCATED_SCOPE_LIMITED
zhang2024metmapf,"Foundations and Related Work / Oracle scarcity and relation validity, line 143",doi:10.1145/3669663,https://doi.org/10.1145/3669663,MET-MAPF defines map and agent transformations for multi-agent path finding .,255df90e0b1aef128efd2576a777c7bc558d24f75b4212909793bac0ad55753d,RECORD_LOCATED_SCOPE_LIMITED
zheng2025failure,"Foundations and Related Work / Oracle scarcity and relation validity, line 141",doi:10.1145/3695990,https://dblp.uni-trier.de/rec/journals/tosem/ZhengRLCL25.html,Statistical models can estimate which source cases are more likely to reveal failure for a fixed relation .,7d38295e31100794c043308df480eb3aa8a942aa3ff7bdba4220b921c5af14b3,RECORD_LOCATED_SCOPE_LIMITED
zhou2016_70,"Foundations and Related Work / Oracle scarcity and relation validity, line 143",doi:10.1109/tse.2015.2478001,https://dblp.org/db/journals/tse/tse42.html,Search-engine testing compares ranked outcomes without complete relevance judgments .,641f86b8f80e5f0f1e75b656510696b843997265ebcc2a6e9b2a147f49d1a07f,RECORD_LOCATED_SCOPE_LIMITED
bento2022software,"Foundations and Related Work / Staged toolchains and watermark obligations, line 153",doi:10.1109/MetroInd4.0IoT54413.2022.9831668,https://dblp.org/pid/126/5166,"A later scheme encodes and decodes binary sequences through function control-flow graphs ; the supplied artifact retains a fixed snapshot of its public source examples, used here only for conditional host-output comparison.",37d8f9e420d3b00dc1654b426656b669860d57f81c468f2b5246c4ae608a1b96,RECORD_LOCATED_SCOPE_LIMITED
